

CREATE TABLE `bill_item_master` (
  `bim_id` int(10) NOT NULL AUTO_INCREMENT,
  `billid` int(10) NOT NULL,
  `bim_itemid` int(10) NOT NULL,
  `bim_item_quantity` int(11) NOT NULL,
  `bim_item_quantity_price` int(10) NOT NULL,
  `bim_item_price` int(11) NOT NULL,
  `order_time` varchar(255) NOT NULL,
  `user_by` varchar(255) NOT NULL,
  `parcel` enum('0','1') NOT NULL,
  `weight` int(11) NOT NULL,
  PRIMARY KEY (`bim_id`)
) ENGINE=InnoDB AUTO_INCREMENT=186 DEFAULT CHARSET=latin1;


INSERT INTO bill_item_master VALUES
("1","1","30","1","50","50","12:35:43","admin","0","0"),
("6","3","61","1","140","140","12:51:43","admin","0","0"),
("21","6","32","1","35","35","07:12:38","user","0","0"),
("22","6","33","1","30","30","07:13:02","user","0","0"),
("25","7","33","2","30","60","07:16:17","user","0","0"),
("27","8","32","1","35","35","07:21:13","user","0","0"),
("28","9","68","2","20","40","07:27:27","user","0","0"),
("29","9","68","2","20","40","07:27:41","user","0","0"),
("30","10","31","1","70","70","07:29:31","user","0","0"),
("31","11","68","1","20","20","07:29:56","user","0","0"),
("34","13","35","1","130","130","07:30:14","user","0","0"),
("35","14","31","1","70","70","08:01:01","admin","0","0"),
("36","15","32","5","35","175","08:03:09","admin","0","0"),
("37","15","30","3","50","150","08:03:19","admin","0","0"),
("38","15","32","2","35","70","08:03:34","admin","0","0"),
("39","15","31","3","700","2100","08:04:29","admin","0","500"),
("40","15","31","1","700","525","08:07:10","admin","0","750"),
("41","15","31","1","700","350","08:07:21","admin","0","500"),
("42","15","31","1","70","70","08:07:27","admin","0","0"),
("44","17","46","1","30","30","12:23:58","admin","0","0"),
("45","17","47","1","20","20","12:24:00","admin","0","0"),
("46","18","1","1","40","40","12:33:23","admin","0","0"),
("47","19","32","1","35","35","12:33:27","admin","0","0"),
("48","19","31","1","70","70","12:33:28","admin","0","0"),
("49","19","35","1","130","130","12:33:29","admin","0","0"),
("50","20","32","1","35","35","01:03:22","admin","0","0"),
("51","21","34","1","40","40","01:03:40","admin","0","0"),
("52","21","34","1","40","40","01:03:42","admin","0","0"),
("53","22","31","1","700","350","01:04:23","admin","0","500"),
("54","22","31","5","70","350","01:04:37","admin","0","0"),
("55","22","35","2","130","260","01:04:40","admin","0","0"),
("56","22","31","1","700","350","01:04:49","admin","0","500"),
("57","22","31","1","70","0","01:09:08","admin","0","0"),
("58","23","31","1","70","70","01:09:13","admin","0","0"),
("59","23","34","1","40","40","01:09:15","admin","0","0"),
("60","23","36","1","100","100","01:09:17","admin","0","0"),
("61","24","31","1","70","70","01:09:21","admin","0","0"),
("62","25","52","5","90","450","05:26:13","admin","0","0"),
("63","26","1","5","40","200","05:26:45","admin","0","0"),
("64","26","32","2","35","70","05:26:50","admin","0","0"),
("74","31","35","1","130","130","11:34:30","admin","0","0"),
("75","31","38","8","170","1360","11:34:33","admin","0","0"),
("76","31","30","1","50","50","11:44:42","admin","0","0"),
("79","33","32","8","35","280","11:45:38","user","0","0"),
("80","33","34","8","40","320","11:45:41","user","0","0"),
("81","34","33","5","30","150","11:45:45","user","0","0"),
("82","34","31","1","70","70","11:45:48","user","0","0"),
("83","35","31","10","70","700","11:56:20","user","0","0"),
("84","35","33","8","30","240","11:56:36","user","0","0"),
("85","36","32","1","35","35","12:01:42","user","0","0"),
("86","36","32","8","35","280","12:01:43","user","0","0"),
("87","37","35","1","130","130","12:01:46","user","0","0"),
("88","37","35","5","130","650","12:01:48","user","0","0"),
("89","37","34","8","40","320","12:01:56","user","0","0"),
("90","38","34","1","40","40","12:02:35","user","0","0"),
("91","39","35","8","130","1040","12:03:17","user","0","0"),
("92","40","33","7","30","210","12:03:21","user","0","0"),
("93","40","36","8","100","800","12:03:25","user","0","0"),
("94","41","32","5","35","175","12:21:00","user","0","0"),
("95","42","31","8","70","560","01:02:58","admin","0","0"),
("96","42","32","5","35","175","01:03:02","admin","0","0"),
("107","45","30","4","50","200","02:15:44","admin","0","0"),
("108","46","31","1","70","70","02:25:46","admin","0","0"),
("109","47","30","1","50","50","02:49:44","admin","0","0"),
("115","49","31","1","700","700","03:27:29","user","0","1000"),
("116","49","31","1","700","700","03:27:33","user","0","1000"),
("117","49","31","1","700","525","03:27:38","user","0","750"),
("118","49","31","1","700","350","03:27:41","user","0","500"),
("119","49","31","1","700","175","03:27:44","user","0","250"),
("120","50","33","1","30","30","03:29:54","user","0","0"),
("121","51","34","5","40","200","03:30:01","user","0","0"),
("122","52","32","6","35","210","03:30:08","user","0","0"),
("123","53","31","3","70","210","03:31:57","user","0","0"),
("124","54","58","6","80","480","03:38:49","admin","0","0"),
("125","54","57","4","85","340","03:38:54","admin","0","0"),
("126","52","34","1","40","40","03:40:02","admin","0","0"),
("127","55","33","1","30","30","03:43:50","admin","0","0"),
("128","55","31","1","700","700","03:43:57","admin","0","1000"),
("129","56","33","1","30","30","03:44:46","admin","0","0"),
("130","56","32","8","35","280","03:44:54","admin","0","0"),
("131","56","31","2","70","140","03:44:58","admin","0","0"),
("132","57","1","5","40","200","03:45:47","admin","0","0"),
("133","58","31","1","70","70","03:46:09","admin","0","0"),
("134","59","31","5","70","350","03:46:15","admin","0","0"),
("135","59","32","3","35","105","03:46:18","admin","0","0"),
("136","59","30","2","50","100","03:46:20","admin","0","0"),
("149","4","1","1","40","40","","","0","0"),
("150","4","31","1","70","70","","","0","0"),
("151","4","1","1","40","40","","","0","0"),
("152","4","31","1","70","70","","","0","0"),
("153","4","30","1","50","50","","","0","0"),
("154","4","31","1","70","70","","","0","0"),
("155","5","1","1","40","40","","","0","0"),
("156","5","32","1","35","35","","","0","0"),
("157","5","33","1","30","30","","","0","0"),
("158","5","32","1","35","35","","","0","0"),
("159","30","31","1","70","70","","","0","0"),
("160","30","33","5","30","150","","","0","0"),
("162","61","43","6","20","120","","","0","0"),
("163","61","64","6","100","600","","","0","0");
INSERT INTO bill_item_master VALUES
("164","62","43","1","20","20","","","0","0"),
("165","62","40","2","60","120","","","0","0"),
("166","63","43","5","20","100","","","0","0"),
("167","63","42","5","40","200","","","0","0"),
("168","64","33","1","30","30","08:41:37","admin","0","0"),
("169","64","36","1","100","100","08:41:38","admin","0","0"),
("170","64","34","1","40","40","08:41:39","admin","0","0"),
("171","64","36","1","100","100","08:41:40","admin","0","0"),
("172","64","34","1","40","40","08:41:41","admin","0","0"),
("173","65","33","1","30","30","08:41:44","admin","0","0"),
("174","65","36","1","100","100","08:41:44","admin","0","0"),
("175","66","31","5","70","350","08:51:20","admin","0","0"),
("176","66","33","5","30","150","08:51:30","admin","0","0"),
("177","58","32","2","35","70","08:52:05","admin","0","0"),
("178","58","32","5","35","175","08:52:09","admin","0","0"),
("179","58","34","4","40","160","08:52:24","admin","0","0"),
("180","67","32","1","35","35","08:52:47","admin","0","0"),
("181","67","32","5","35","175","08:52:53","admin","0","0"),
("182","67","31","7","70","490","08:52:59","admin","0","0"),
("183","68","31","5","70","350","08:53:18","admin","0","0"),
("184","68","32","5","35","175","08:53:21","admin","0","0"),
("185","68","31","9","70","630","08:53:49","admin","0","0");




CREATE TABLE `bill_item_master_original` (
  `bim_id` int(10) NOT NULL AUTO_INCREMENT,
  `billid` int(10) NOT NULL,
  `bim_itemid` int(10) NOT NULL,
  `bim_item_quantity` int(11) NOT NULL,
  `bim_item_quantity_price` int(10) NOT NULL,
  `bim_item_price` int(11) NOT NULL,
  PRIMARY KEY (`bim_id`)
) ENGINE=InnoDB AUTO_INCREMENT=7 DEFAULT CHARSET=latin1;


INSERT INTO bill_item_master_original VALUES
("1","44","43","1","20","20"),
("2","61","30","2","50","100"),
("3","62","43","1","20","20"),
("4","62","40","2","60","120"),
("5","63","43","5","20","100"),
("6","63","42","5","40","200");




CREATE TABLE `bill_master` (
  `billid` int(11) NOT NULL AUTO_INCREMENT,
  `bill_name` varchar(100) NOT NULL,
  `bill_mobile` varchar(50) NOT NULL,
  `bill_table` varchar(100) DEFAULT NULL,
  `bill_waiter` varchar(100) DEFAULT NULL,
  `table_part` varchar(5) NOT NULL,
  `bill_status` varchar(25) NOT NULL,
  `bill_notes` varchar(255) NOT NULL,
  `bill_date` datetime NOT NULL,
  `bill_time` time NOT NULL,
  `bill_total` int(10) NOT NULL,
  `t_status` enum('L','C','R') NOT NULL,
  `update_time` time NOT NULL,
  `isvisible` enum('1','0') NOT NULL DEFAULT '1',
  PRIMARY KEY (`billid`)
) ENGINE=InnoDB AUTO_INCREMENT=69 DEFAULT CHARSET=latin1;


INSERT INTO bill_master VALUES
("1","zx","","8","2","A","","","2016-11-23 12:35:43","12:35:43","0","C","12:35:43","0"),
("2","avi","","8","2","A","","","2016-11-23 12:38:03","12:38:03","0","C","12:38:19","1"),
("3","","","1","1","A","","","2016-11-23 12:42:22","12:42:22","0","C","12:51:43","0"),
("4","Avinash","","1","1","A","billtaken","","2016-11-27 06:57:03","06:57:03","340","C","07:11:15","0"),
("5","","","1","1","A","billtaken","","2016-11-27 07:12:24","07:12:24","140","C","07:19:22","0"),
("6","","","2","2","A","","","2016-11-27 07:12:38","07:12:38","0","C","07:13:02","0"),
("7","","","2","13","A","","","2016-11-27 07:16:14","07:16:14","0","C","07:16:17","0"),
("8","","","1","1","A","","","2016-11-27 07:21:13","07:21:13","0","C","07:21:13","0"),
("9","","","1","1","A","","","2016-11-27 07:27:24","07:27:24","0","C","07:27:41","0"),
("10","","","1","1","A","","","2016-11-27 07:29:31","07:29:31","0","C","07:29:31","0"),
("11","","","2","7","A","","","2016-11-27 07:29:56","07:29:56","0","C","07:29:56","0"),
("13","","","3","7","A","","","2016-11-27 07:30:14","07:30:14","0","C","07:30:14","0"),
("14","","","3","1","A","","","2016-11-27 08:01:01","08:01:01","0","R","08:01:01","1"),
("15","","","8","18","A","","","2016-11-27 08:02:42","08:02:42","0","C","08:07:27","0"),
("16","","","1","1","A","","","2016-11-29 12:23:23","12:23:23","0","C","12:23:50","0"),
("17","","","1","1","A","","","2016-11-29 12:23:58","12:23:58","0","C","12:24:00","0"),
("18","","","1","1","A","","","2016-11-29 12:33:23","12:33:23","0","C","12:33:23","0"),
("19","","","7","17","A","","","2016-11-29 12:33:27","12:33:27","0","C","12:33:29","0"),
("20","","","7","1","A","","","2016-11-29 01:03:22","01:03:22","0","C","01:03:22","0"),
("21","","","8","1","A","","","2016-11-29 01:03:40","01:03:40","0","C","01:03:42","0"),
("22","","","8","1","A","","","2016-11-29 01:04:23","01:04:23","0","C","01:04:52","0"),
("23","","","1","26","A","","","2016-11-29 01:09:13","01:09:13","0","C","01:09:17","0"),
("24","","","3","26","A","","","2016-11-29 01:09:21","01:09:21","0","C","01:09:21","0"),
("25","","","1","1","A","","","2016-11-29 05:26:11","05:26:11","0","C","05:26:13","0"),
("26","","","1","1","A","","","2016-11-29 05:26:44","05:26:44","0","C","05:26:50","0"),
("30","","","2","8","A","billtaken","","2016-12-01 11:26:25","11:26:25","220","C","11:26:34","0"),
("31","dsfsd","","1","1","A","","","2016-12-01 11:33:24","11:33:24","0","C","11:44:47","0"),
("33","","","3","13","A","","","2016-12-01 11:45:36","11:45:36","0","C","11:45:41","0"),
("34","","","5","13","A","","","2016-12-01 11:45:44","11:45:44","0","C","11:45:48","0"),
("35","","","8","13","A","","","2016-12-01 11:56:17","11:56:17","0","C","11:56:36","0"),
("36","","","9","13","A","","","2016-12-01 12:01:42","12:01:42","0","C","12:01:43","0"),
("37","","","7","13","A","","","2016-12-01 12:01:46","12:01:46","0","C","12:01:56","0"),
("38","","","8","13","A","","","2016-12-01 12:02:35","12:02:35","0","C","12:02:35","0"),
("39","","","14","13","A","","","2016-12-01 12:03:16","12:03:16","0","C","12:03:17","0"),
("40","","","15","13","A","","","2016-12-01 12:03:20","12:03:20","0","C","12:03:25","0"),
("41","","","15","13","A","","","2016-12-01 12:20:45","12:20:45","0","C","12:21:00","0"),
("42","","","1","1","A","","","2016-12-01 01:02:49","01:02:49","0","C","01:03:02","0"),
("43","","","1","1","A","","","2016-12-01 01:10:22","01:10:22","0","C","02:15:25","0"),
("45","","","3","19","A","","","2016-12-01 02:15:34","02:15:34","0","C","02:15:44","0"),
("46","","","4","18","A","","","2016-12-01 02:25:46","02:25:46","0","C","02:25:46","0"),
("47","","","2","8","A","","","2016-12-01 02:49:44","02:49:44","0","C","02:49:44","0"),
("49","","","12","18","A","","","2016-12-01 03:26:45","03:26:45","0","C","03:27:44","0"),
("50","","","19","19","B","","","2016-12-01 03:29:54","03:29:54","0","C","03:29:54","0"),
("51","","","12","19","B","","","2016-12-01 03:29:59","03:29:59","0","C","03:30:01","0"),
("52","","","7","19","B","","","2016-12-01 03:30:06","03:30:06","0","C","03:40:02","0"),
("53","","","7","19","B","","","2016-12-01 03:31:54","03:31:54","0","C","03:31:57","0"),
("54","","","63","19","A","","","2016-12-01 03:38:42","03:38:42","0","C","03:38:54","0"),
("55","","","63","19","A","","","2016-12-01 03:43:50","03:43:50","0","C","03:43:57","0"),
("56","","","63","19","A","","","2016-12-01 03:44:46","03:44:46","0","C","03:44:58","0"),
("57","","","9","14","A","","","2016-12-01 03:45:45","03:45:45","0","C","03:45:47","0"),
("58","","","9","14","A","","","2016-12-01 03:46:09","03:46:09","0","C","08:52:24","1"),
("59","","","3","25","A","","","2016-12-01 03:46:12","03:46:12","0","C","03:46:20","0"),
("61","test1","1234567890","1","5","","billtaken","","2016-12-01 16:16:30","16:16:30","720","C","00:00:00","1"),
("62","test","1234567890","12","5","","billtaken","","2016-12-03 08:13:56","08:13:56","140","L","00:00:00","0"),
("63","nikunj Joshi","9998258360","1","5","","billtaken","","2016-12-03 08:35:11","08:35:11","300","C","00:00:00","0"),
("64","","","1","1","A","","","2016-12-03 08:41:37","08:41:37","0","C","08:41:41","1"),
("65","","","4","1","A","","","2016-12-03 08:41:44","08:41:44","0","C","08:41:44","1"),
("66","","","3","1","A","","","2016-12-03 08:51:19","08:51:19","0","C","08:51:30","1"),
("67","","","9","14","A","","","2016-12-03 08:52:47","08:52:47","0","C","08:52:59","1"),
("68","","","9","14","A","","","2016-12-03 08:53:16","08:53:16","0","C","08:53:49","1");




CREATE TABLE `bill_master_original` (
  `billid` int(11) NOT NULL AUTO_INCREMENT,
  `bill_name` varchar(100) NOT NULL,
  `bill_mobile` varchar(50) NOT NULL,
  `bill_table` int(10) NOT NULL,
  `bill_waiter` int(10) NOT NULL,
  `bill_status` varchar(25) NOT NULL,
  `bill_notes` varchar(255) NOT NULL,
  `bill_date` datetime NOT NULL,
  `bill_time` time NOT NULL,
  `bill_total` int(10) NOT NULL,
  PRIMARY KEY (`billid`)
) ENGINE=InnoDB DEFAULT CHARSET=latin1;






CREATE TABLE `billdetail` (
  `billdetailid` int(2) NOT NULL AUTO_INCREMENT,
  `billstart` int(10) NOT NULL,
  `vat` int(10) NOT NULL,
  `othertax` int(10) NOT NULL,
  `tinno` varchar(100) NOT NULL,
  `stno` varchar(100) NOT NULL,
  `tax1_label` varchar(20) NOT NULL,
  `tax2_label` varchar(20) NOT NULL,
  PRIMARY KEY (`billdetailid`)
) ENGINE=InnoDB AUTO_INCREMENT=2 DEFAULT CHARSET=latin1;


INSERT INTO billdetail VALUES
("1","1700","8","10","55555","88888","VAT 5","Other Tax 5");




CREATE TABLE `content` (
  `id` int(10) NOT NULL,
  `file_name` varchar(255) DEFAULT NULL,
  `page_name` varchar(50) DEFAULT NULL,
  `content` text
) ENGINE=InnoDB DEFAULT CHARSET=latin1;






CREATE TABLE `item_master` (
  `itemid` int(10) NOT NULL AUTO_INCREMENT,
  `itemname` varchar(100) NOT NULL,
  `kgPrice` varchar(255) NOT NULL,
  `price_type` varchar(255) NOT NULL,
  `itemSeq` int(11) NOT NULL,
  `backColor` varchar(255) NOT NULL,
  `visible` varchar(255) NOT NULL,
  `itemprice` int(11) NOT NULL,
  `itemnotes` varchar(255) NOT NULL,
  `item_image` varchar(100) NOT NULL,
  PRIMARY KEY (`itemid`)
) ENGINE=InnoDB AUTO_INCREMENT=68 DEFAULT CHARSET=latin1;


INSERT INTO item_master VALUES
("1","Vanilla","400","setIceCreamItemId","1","#d2a8ea","0","40","Vanilla","1_1vanilla-bean-ice-cream-2-mark.jpeg"),
("30","Ice Cream","500","setIceCreamItemId","2","#c0a092","0","50","","30_44chocolate-mint-stout-ice-cream-tk.jpeg"),
("31","Shiv ice cream","700","setIceCreamItemId","3","#b1b1b1","1","70","","31_311.jpg"),
("32","Kingcone","0","setItemId","4","#9ebdde","1","35","","32_32kingcone.jpg"),
("33","Candy","0","setItemId","5","#91e6ec","1","30","","33_33candy.jpg"),
("34","Mava candy","0","setItemId","6","#c3c3c3","1","40","","34_34mava-candy.jpeg"),
("35","Sundae","0","setItemId","7","#d3625f","1","130","","35_35sundae.jpeg"),
("36","Vanila/Coffee","0","setItemId","8","#cbbcb8","1","100","","36_36cookie-dough-vanilla-milk-shake-simplygloria.com-.jpeg"),
("37","Shake","0","setItemId","9","#9fc4c4","1","120","","37_37chocolate-shake2.jpeg"),
("38","Shiv sp. Shake","0","setItemId","10","#9bcdff","1","170","","38_38vanilacoffeesp.jpg"),
("39","Chickoo shake","0","setItemId","11","#b4988b","1","60","","39_39chikoo-2.jpeg"),
("40","Juice","","setIceCreamItemId","55","#a2a2a2","0","60","","40_40download-1.jpg"),
("41","Faluda","0","setItemId","13","#fdffbb","1","90","","41_41faluda23.jpg"),
("42","Extra Topping","0","setItemId","14","#ffa6a8","1","40","","42_42extopping.jpg"),
("43","Half Vanila","0","setItemId","15","#c6caff","1","20","","43_1vanilla-bean-ice-cream-2-mark.jpeg"),
("44","Half Ice cream","0","setItemId","16","#c1a8a8","1","25","","44_44chocolate-mint-stout-ice-cream-tk.jpeg"),
("45","Half Shiv ice cream","0","setItemId","17","#a8bbba","1","35","","45_311.jpg"),
("46","Cold Drink","0","setItemId","18","#9ea9d1","1","30","","46_46coldrink.jpeg"),
("47","Min.Water","0","setItemId","20","#9fcccc","1","20","","47_47bisleri1---copy.jpg"),
("48","French Fries","0","setItemId","20","#f1e9ad","1","80","","48_48french-fries-1.jpeg"),
("49","Chutney","0","setItemId","21","#b0d9aa","1","10","","49_491.jpeg"),
("50","Grill","0","setItemId","22","#e8bdec","1","100","","50_50full-sandwich.jpg"),
("51","Non Grill","0","setItemId","23","#b0a9b4","1","95","","51_51veg-grill-sandwich-big.jpg"),
("52","Burger","0","setItemId","24","#dac5da","1","90","","52_52burger.jpeg"),
("53","Club","0","setItemId","25","#ede7b8","1","150","","53_53club.jpg"),
("54","Oven Toast","0","setItemId","26","#afedd5","1","150","","54_54soupssaladssandwichescreamcentrelarge.jpeg"),
("55","Pizza","0","setItemId","27","#bcdb9d","1","170","","55_55pizzas.jpg"),
("56","Shiv Pizza","0","setItemId","28","#ffb9bb","1","225","","56_56shiv-pizza.jpg"),
("57","Bread Grill","0","setItemId","29","#c5e9fa","1","85","","57_57breadbuttergril.jpg"),
("58","Bread Non Grill","0","setItemId","30","#cee0ff","1","80","","58_58bread-butter-1171149.jpeg"),
("59","Garlic Bread","0","setItemId","31","#fff1bf","1","95","","59_59garlicbread.jpeg"),
("60","Rice/Bhel","0","setItemId","32","#e89fa2","1","140","","60_60ricebhel.jpeg"),
("61","Noodles","0","setItemId","33","#d9cab7","1","140","","61_61schezwan-veg-noodles.jpeg"),
("62","M.Dry/Gravy","0","setItemId","34","#b3bde1","1","140","","62_62manchurian-dry.jpeg"),
("63","Trip. Sch. Rice","0","setItemId","35","#c6e1b5","1","220","","63_63trip-rice.jpeg"),
("64","DF. Faluda","0","setItemId","37","#fffec4","1","100","","64_64faluda23.jpg"),
("65","waffel cone","0","setItemId","37","#000000","1","15","",""),
("66","waffel cone","0","setItemId","37","#000000","1","15","",""),
("67","waffle cone","0","setItemId","45","#804000","1","15","","");




CREATE TABLE `siteadmin` (
  `admin_id` int(11) NOT NULL AUTO_INCREMENT,
  `username` varchar(40) NOT NULL,
  `password` varchar(40) NOT NULL,
  `fullname` varchar(255) NOT NULL,
  `adminemail` varchar(50) NOT NULL,
  `user_type` enum('1','2') NOT NULL,
  PRIMARY KEY (`admin_id`),
  UNIQUE KEY `username` (`username`)
) ENGINE=InnoDB AUTO_INCREMENT=3 DEFAULT CHARSET=latin1;


INSERT INTO siteadmin VALUES
("1","admin","21232f297a57a5a743894a0e4a801fc3","shive admin","admin@gmail.com","1"),
("2","user","ee11cbb19052e40b07aac0ca060c23ee","","user@gmail.com","2");




CREATE TABLE `table_master` (
  `tid` int(11) NOT NULL AUTO_INCREMENT,
  `tname` varchar(20) NOT NULL,
  `floor` enum('0','1') NOT NULL,
  PRIMARY KEY (`tid`)
) ENGINE=InnoDB AUTO_INCREMENT=39 DEFAULT CHARSET=latin1;


INSERT INTO table_master VALUES
("3","1","0"),
("4","2","0"),
("5","3","0"),
("6","4","0"),
("7","5","0"),
("8","6","0"),
("9","7","0"),
("10","8","0"),
("11","9","0"),
("12","10","0"),
("13","11","0"),
("14","12","0"),
("15","13","0"),
("16","14","0"),
("17","15","0"),
("18","16","0"),
("19","17","0"),
("20","18","0"),
("21","19","0"),
("22","20","0"),
("23","51","1"),
("24","52","1"),
("25","53","1"),
("26","54","1"),
("27","55","1"),
("28","56","1"),
("29","57","1"),
("30","58","1"),
("31","59","1"),
("32","60","1"),
("38","63","0");




CREATE TABLE `temp_bill_item_master` (
  `bim_id` int(10) NOT NULL AUTO_INCREMENT,
  `billid` int(10) NOT NULL,
  `bim_itemid` int(10) NOT NULL,
  `bim_item_quantity` int(11) NOT NULL,
  `bim_item_quantity_price` int(10) NOT NULL,
  `bim_item_price` int(11) NOT NULL,
  PRIMARY KEY (`bim_id`)
) ENGINE=InnoDB AUTO_INCREMENT=73 DEFAULT CHARSET=latin1;


INSERT INTO temp_bill_item_master VALUES
("2","2","31","5","70","350"),
("3","2","33","1","30","30"),
("4","2","31","1","70","70"),
("5","3","31","1","70","70"),
("6","3","33","5","30","150"),
("7","4","35","1","130","130"),
("8","4","38","8","170","1360"),
("9","4","30","1","50","50"),
("10","5","37","2","120","240"),
("11","6","31","5","70","350"),
("12","6","33","1","30","30"),
("13","6","31","1","70","70"),
("14","7","31","1","70","70"),
("15","7","33","5","30","150"),
("16","8","35","1","130","130"),
("17","8","38","8","170","1360"),
("18","8","30","1","50","50"),
("19","9","32","8","35","280"),
("20","9","31","1","70","70"),
("21","10","32","8","35","280"),
("22","10","34","8","40","320"),
("23","11","33","5","30","150"),
("24","11","31","1","70","70"),
("27","13","68","2","20","40"),
("28","13","68","1","20","20"),
("29","13","30","1","50","50"),
("31","15","31","1","70","70"),
("35","16","44","2","25","50"),
("36","16","30","5","50","250"),
("37","18","59","2","95","190"),
("39","19","41","3","90","270"),
("40","19","64","2","100","200"),
("41","20","31","1","70","70"),
("42","20","33","5","30","150"),
("43","21","32","8","35","280"),
("44","21","31","1","70","70"),
("45","22","32","8","35","280"),
("46","22","34","8","40","320"),
("47","23","33","5","30","150"),
("48","23","31","1","70","70"),
("49","24","31","10","70","700"),
("50","24","33","8","30","240"),
("51","25","32","1","35","35"),
("52","25","32","8","35","280"),
("53","26","35","1","130","130"),
("54","26","35","5","130","650"),
("55","26","34","8","40","320"),
("56","27","34","1","40","40"),
("57","28","35","8","130","1040"),
("58","29","33","7","30","210"),
("59","29","36","8","100","800"),
("60","30","32","5","35","175"),
("61","31","31","8","70","560"),
("62","31","32","5","35","175"),
("63","33","30","4","50","200"),
("64","34","31","1","70","70"),
("65","35","30","1","50","50"),
("66","36","31","1","700","700"),
("67","36","31","1","700","700"),
("68","36","31","1","700","525"),
("69","36","31","1","700","350"),
("70","36","31","1","700","175"),
("71","37","33","1","30","30"),
("72","38","34","5","40","200");




CREATE TABLE `temp_bill_master` (
  `billid` int(11) NOT NULL AUTO_INCREMENT,
  `bill_name` varchar(100) NOT NULL,
  `bill_mobile` varchar(50) NOT NULL,
  `bill_table` int(10) NOT NULL,
  `bill_waiter` int(10) NOT NULL,
  `bill_status` varchar(25) NOT NULL,
  `bill_notes` varchar(255) NOT NULL,
  `bill_date` datetime NOT NULL,
  `bill_time` time NOT NULL,
  `bill_total` int(10) NOT NULL,
  PRIMARY KEY (`billid`)
) ENGINE=InnoDB AUTO_INCREMENT=39 DEFAULT CHARSET=latin1;


INSERT INTO temp_bill_master VALUES
("2","","","1","1","nottaken","","2016-12-01 11:14:17","11:14:17","0"),
("3","","","2","8","nottaken","","2016-12-01 11:26:25","11:26:25","0"),
("4","","","1","1","nottaken","","2016-12-01 11:33:24","11:33:24","0"),
("5","","","1","1","nottaken","","2016-12-01 10:52:36","10:52:36","0"),
("6","","","1","1","nottaken","","2016-12-01 11:14:17","11:14:17","0"),
("7","","","2","8","nottaken","","2016-12-01 11:26:25","11:26:25","0"),
("8","","","1","1","nottaken","","2016-12-01 11:33:24","11:33:24","0"),
("9","","","2","13","nottaken","","2016-12-01 11:45:29","11:45:29","0"),
("10","","","3","13","nottaken","","2016-12-01 11:45:36","11:45:36","0"),
("11","","","5","13","nottaken","","2016-12-01 11:45:44","11:45:44","0"),
("13","","","1","1","nottaken","","2016-12-01 01:10:22","01:10:22","0"),
("15","","","4","18","nottaken","","2016-12-01 02:25:46","02:25:46","0"),
("16","","","1","1","billtaken","","2016-12-01 03:50:38","03:50:38","300"),
("18","hu r","1234567890","12","5","billtaken","","2016-12-03 08:17:04","08:17:04","0"),
("19","nikunj","1234567890","2","1","billtaken","","2016-12-03 08:18:05","08:18:05","470"),
("20","","","2","8","nottaken","","2016-12-01 11:26:25","11:26:25","220"),
("21","","","2","13","nottaken","","2016-12-01 11:45:29","11:45:29","0"),
("22","","","3","13","nottaken","","2016-12-01 11:45:36","11:45:36","0"),
("23","","","5","13","nottaken","","2016-12-01 11:45:44","11:45:44","0"),
("24","","","8","13","nottaken","","2016-12-01 11:56:17","11:56:17","0"),
("25","","","9","13","nottaken","","2016-12-01 12:01:42","12:01:42","0"),
("26","","","7","13","nottaken","","2016-12-01 12:01:46","12:01:46","0"),
("27","","","8","13","nottaken","","2016-12-01 12:02:35","12:02:35","0"),
("28","","","14","13","nottaken","","2016-12-01 12:03:16","12:03:16","0"),
("29","","","15","13","nottaken","","2016-12-01 12:03:20","12:03:20","0"),
("30","","","15","13","nottaken","","2016-12-01 12:20:45","12:20:45","0"),
("31","","","1","1","nottaken","","2016-12-01 01:02:49","01:02:49","0"),
("32","","","1","1","nottaken","","2016-12-01 01:10:22","01:10:22","0"),
("33","","","3","19","nottaken","","2016-12-01 02:15:34","02:15:34","0"),
("34","","","4","18","nottaken","","2016-12-01 02:25:46","02:25:46","0"),
("35","","","2","8","nottaken","","2016-12-01 02:49:44","02:49:44","0"),
("36","","","12","18","nottaken","","2016-12-01 03:26:45","03:26:45","0"),
("37","","","19","19","nottaken","","2016-12-01 03:29:54","03:29:54","0"),
("38","","","12","19","nottaken","","2016-12-01 03:29:59","03:29:59","0");




CREATE TABLE `waiter_master` (
  `waiter_id` int(11) NOT NULL AUTO_INCREMENT,
  `waiter` varchar(20) NOT NULL,
  `floor` enum('0','1') NOT NULL,
  PRIMARY KEY (`waiter_id`)
) ENGINE=InnoDB AUTO_INCREMENT=28 DEFAULT CHARSET=latin1;


INSERT INTO waiter_master VALUES
("1","T","0"),
("2","N","0"),
("3","G","0"),
("4","A","0"),
("5","J","0"),
("6","D","0"),
("7","V","0"),
("8","B","0"),
("9","F","0"),
("10","O","0"),
("11","M","0"),
("12","L","0"),
("13","U","0"),
("14","H","0"),
("15","K","0"),
("16","P","0"),
("17","FA","1"),
("18","FB","1"),
("19","FC","1"),
("20","FD","1"),
("21","FE","1"),
("22","FF","1"),
("23","FG","1"),
("24","FH","1"),
("25","FI","1"),
("26","FJ","1");


